,doc_terms,doc_tokens,raw_num,ticker
0,224,101,294,A
1,225,159,304,A
2,317,125,432,A
3,443,161,731,A
4,322,130,451,A
5,320,239,438,A
6,67,54,91,A
7,1300,563,1930,A
8,262,189,371,A
9,2320,748,3591,A
10,967,393,1455,A
11,52,46,74,A
12,122,102,182,A
13,178,147,235,A
14,2437,786,3774,A
15,1008,437,1506,A
16,234,201,338,A
17,2274,724,3509,A
18,885,350,1320,A
19,2061,678,3217,A
20,2575,660,4083,A
21,2704,674,4249,A
22,219,152,380,A
23,3610,989,5764,A
24,6092,1234,10680,A
25,582,370,915,A
26,205,136,311,A
27,6659,1927,12137,A
28,2348,697,3626,A
29,4580,1493,8088,A
30,3603,1257,6358,A
31,6856,2041,12452,A
32,2827,736,4424,A
33,230,172,338,A
34,2856,740,4498,A
35,49913,6694,86033,A
36,525,303,841,A
37,8244,1443,14819,A
38,5971,1872,9573,A
39,3104,1174,5003,A
40,4246,1388,7093,A
41,213,166,350,A
42,30812,4458,55856,A
43,300,171,464,A
44,17451,3144,30804,A
45,1928,937,3005,A
46,412,248,651,A
47,1391,695,2297,A
48,1671,870,2914,A
49,1883,914,2922,A
50,391,275,629,A
51,1892,901,2910,A
52,796,433,1243,A
53,6134,1560,12055,A
54,2642,1029,4412,A
55,310,195,441,A
56,775,381,1187,A
57,1867,876,2883,A
58,337,229,536,A
59,1882,870,2910,A
60,321,221,450,A
61,2618,1084,4406,A
62,22288,4053,40333,A
63,1912,892,2952,A
64,360,266,550,A
65,34576,4891,54267,A
66,12310,2484,21651,A
67,14038,2931,25835,A
68,2416,1075,3706,A
69,14864,2374,25815,A
70,1907,905,2955,A
71,445,283,730,A
72,6870,1688,13391,A
73,17553,2301,31467,A
74,1971,894,3069,A
75,1559,610,2661,A
76,400,226,640,A
77,11343,2278,19906,A
78,1883,868,2947,A
79,4479,1280,7587,A
80,2047,909,3176,A
81,14405,2854,25804,A
82,452,307,741,A
83,452,296,757,A
84,538,255,833,A
85,2598,1061,4087,A
86,295,184,464,A
87,14925,1837,26691,A
88,502,298,810,A
89,2090,947,3237,A
90,129,92,208,A
91,1960,871,3148,A
92,2142,953,3324,A
93,1094,512,1762,A
94,32183,5012,50460,A
95,681,351,1155,A
96,17490,2968,31463,A
97,139,101,216,A
98,4754,1599,8452,A
99,2138,948,3342,A
100,138,100,216,A
101,184,126,296,A
102,967,359,1505,A
103,612,381,916,A
104,2015,894,3139,A
105,592,373,902,A
106,687,419,1024,A
107,179,124,273,A
108,195,138,315,A
109,2050,811,3241,A
110,299,175,461,A
111,28219,5267,44935,A
112,16888,2805,30419,A
113,9494,1539,16521,A
114,300,226,441,A
115,1627,646,2496,A
116,2284,864,3612,A
117,121,75,190,A
118,2069,869,3240,A
119,251,156,361,A
120,244,141,370,A
121,159,107,272,A
122,1968,839,3107,A
123,261,182,400,A
124,1968,827,3107,A
125,2016,852,3181,A
126,26576,4092,48650,A
127,1909,814,3010,A
128,385,280,584,A
129,1837,801,2901,A
130,493,316,727,A
131,1728,764,2717,A
132,6357,2231,11364,A
133,242,146,363,A
134,1003,444,1592,A
135,1770,801,2798,A
136,8430,2086,13446,A
137,32114,5331,50318,A
138,13545,2953,24584,A
139,1891,820,2931,A
140,5769,1564,11063,A
141,1873,824,2897,A
142,296,205,443,A
143,2058,893,3172,A
0,323,236,437,AA
1,34782,5401,60552,AA
2,987,489,1522,AA
3,310,235,552,AA
4,739,500,1104,AA
5,6623,2800,10730,AA
6,4892,2029,8850,AA
7,481,330,753,AA
8,993,683,1533,AA
9,4877,2155,8699,AA
10,476,339,735,AA
11,864,589,1345,AA
12,2989,1298,3715,AA
13,986,646,1545,AA
14,4539,1949,6724,AA
15,14437,5043,22817,AA
16,925,644,1427,AA
17,41,40,65,AA
18,7341,2828,11795,AA
19,1423,878,2142,AA
20,6300,2289,10472,AA
21,597,450,930,AA
22,173,146,270,AA
23,64,60,105,AA
24,1426,870,2221,AA
25,7973,2952,12848,AA
26,235,162,371,AA
27,391,286,618,AA
28,1444,749,2736,AA
29,2471,983,4582,AA
30,429,316,668,AA
31,1358,826,2083,AA
32,9621,3049,15296,AA
33,19832,6185,31802,AA
34,863,506,1385,AA
35,1509,840,2285,AA
36,8522,2860,13480,AA
37,195,139,297,AA
38,20631,3289,37216,AA
39,2957,1413,4294,AA
40,394,271,615,AA
41,157,114,252,AA
42,391,258,645,AA
43,1169,581,1814,AA
44,1314,778,2036,AA
45,8075,2612,12598,AA
46,152,113,228,AA
47,366,280,556,AA
48,1138,707,1770,AA
49,6975,2569,11371,AA
50,8218,2179,14342,AA
51,543,341,860,AA
52,1205,760,1813,AA
53,6884,2457,11466,AA
54,179,121,283,AA
55,1340,825,2012,AA
56,5082,2009,8673,AA
57,451,272,664,AA
58,5760,2802,9326,AA
59,700,427,1078,AA
60,1211,746,1840,AA
61,5328,1983,8971,AA
62,3095,1160,5343,AA
63,1218,692,1879,AA
64,6260,2192,10431,AA
65,445,307,670,AA
66,887,496,1291,AA
67,1276,584,2012,AA
68,417,289,606,AA
69,1343,751,2089,AA
70,6798,2325,11357,AA
71,30844,4452,49267,AA
72,866,534,1346,AA
73,8058,2052,14785,AA
74,862,432,1351,AA
75,1136,542,1805,AA
76,20219,1992,37570,AA
77,1162,653,1809,AA
78,6417,2285,10620,AA
79,90,70,157,AA
80,526,386,847,AA
81,2188,1192,3600,AA
82,709,332,1184,AA
83,985,648,1604,AA
84,1706,901,2701,AA
85,22828,3830,40771,AA
86,4508,1880,7537,AA
87,615,441,950,AA
88,543,346,875,AA
89,489,341,813,AA
90,3293,1038,6278,AA
91,282,150,459,AA
92,986,509,1581,AA
93,23956,3813,43351,AA
94,1101,652,1691,AA
95,561,368,874,AA
96,5797,2049,9589,AA
97,278,149,452,AA
98,422,278,685,AA
99,1232,728,1877,AA
100,7317,2458,12083,AA
101,1300,649,2009,AA
102,138,105,222,AA
103,395,291,659,AA
104,282,144,464,AA
105,1062,623,1633,AA
106,4822,2054,8508,AA
107,290,146,472,AA
108,525,330,817,AA
109,362,246,574,AA
110,11804,4406,18691,AA
111,984,574,1485,AA
112,7588,2591,13359,AA
113,11138,2179,20999,AA
114,66,60,110,AA
115,26723,4648,42729,AA
116,294,148,480,AA
117,614,427,964,AA
118,1153,731,1746,AA
119,7856,2526,13525,AA
120,483,350,800,AA
121,312,152,510,AA
122,516,330,814,AA
123,373,290,558,AA
124,1376,664,2073,AA
125,1167,713,1788,AA
126,6735,2421,11589,AA
127,1503,700,2354,AA
128,321,259,487,AA
129,11930,1912,21941,AA
130,14102,2198,25256,AA
131,1223,732,1894,AA
132,3685,1862,6177,AA
133,308,154,502,AA
134,6124,2204,10273,AA
135,1606,575,2836,AA
136,1196,658,1889,AA
137,6632,2562,12420,AA
138,795,500,1328,AA
139,1251,699,1913,AA
140,5992,2316,10647,AA
141,1040,531,1641,AA
142,1017,635,1666,AA
143,2509,973,4247,AA
144,1442,804,2201,AA
145,6677,2467,12218,AA
146,434,299,679,AA
147,4354,1240,7914,AA
148,719,436,1122,AA
149,596,378,988,AA
150,594,366,928,AA
151,1073,658,1611,AA
152,6265,2218,10961,AA
153,5274,1733,9703,AA
154,4250,2030,7024,AA
155,1412,814,2096,AA
156,6674,2403,11477,AA
157,750,391,1127,AA
158,7372,1884,13428,AA
159,3415,1272,6178,AA
160,868,500,1359,AA
161,1063,522,1653,AA
162,1442,791,2156,AA
163,5564,2285,10028,AA
164,381,270,585,AA
165,3787,1327,7031,AA
166,1624,810,2423,AA
167,6096,2349,10821,AA
168,607,439,977,AA
169,4517,1271,8202,AA
170,93,76,161,AA
171,71,66,117,AA
172,1622,814,2394,AA
173,7453,1875,13558,AA
174,5785,2242,10268,AA
175,3414,1268,6201,AA
176,304,215,500,AA
177,1215,452,1889,AA
178,1010,575,1541,AA
179,395,194,636,AA
180,986,514,1537,AA
181,344,253,539,AA
182,88,73,155,AA
183,1722,832,2534,AA
184,6150,2440,11144,AA
185,25122,3900,45628,AA
186,1883,902,2778,AA
187,5969,2337,10378,AA
188,437,308,675,AA
189,1080,629,1656,AA
190,1916,922,2793,AA
191,7121,2447,12094,AA
192,484,369,779,AA
193,3830,1220,7322,AA
194,1752,869,2566,AA
195,6784,2499,12016,AA
196,1756,994,2798,AA
197,5636,1589,10598,AA
198,1820,892,2678,AA
199,6888,2319,12014,AA
200,4866,1574,9098,AA
201,2380,1045,3543,AA
202,5418,2137,9523,AA
203,689,378,1030,AA
204,2231,1017,3302,AA
205,7022,2498,12251,AA
206,2081,998,3101,AA
207,6657,2332,11250,AA
208,14487,2795,26668,AA
209,1501,897,2385,AA
210,1484,784,2300,AA
211,316,231,497,AA
212,694,517,1041,AA
0,463,302,711,AAN
1,761,446,1115,AAN
2,1415,749,1901,AAN
3,1209,685,1643,AAN
4,775,473,1123,AAN
5,484,340,702,AAN
6,1155,661,1546,AAN
7,1132,656,1581,AAN
8,1280,686,1773,AAN
9,481,321,678,AAN
10,1159,656,1600,AAN
11,323,228,427,AAN
12,983,569,1405,AAN
13,2267,735,4022,AAN
14,1122,662,1509,AAN
15,1172,617,1661,AAN
16,21237,3709,38101,AAN
17,201,141,259,AAN
18,590,418,887,AAN
19,1004,518,1564,AAN
20,201,142,259,AAN
21,413,284,590,AAN
22,1077,579,1580,AAN
23,202,143,260,AAN
24,426,294,586,AAN
25,1207,629,1688,AAN
26,8871,2097,16411,AAN
27,413,285,572,AAN
28,1201,623,1741,AAN
29,198,142,256,AAN
30,1264,675,1750,AAN
31,203,144,261,AAN
32,544,313,831,AAN
33,1078,577,1564,AAN
34,201,144,259,AAN
35,1020,583,1418,AAN
36,1264,631,1801,AAN
37,935,461,1441,AAN
38,4383,1348,8538,AAN
39,872,490,1292,AAN
40,814,424,1254,AAN
41,194,141,252,AAN
42,880,465,1366,AAN
43,50898,5050,91720,AAN
44,449,288,705,AAN
45,1050,514,1637,AAN
46,492,321,757,AAN
47,545,336,839,AAN
48,1196,570,1902,AAN
49,3982,980,6862,AAN
50,530,359,833,AAN
51,224,141,349,AAN
52,6753,1725,12132,AAN
53,706,429,1096,AAN
54,806,431,1259,AAN
55,547,316,894,AAN
56,7048,1590,11994,AAN
57,1159,462,1909,AAN
58,955,459,1532,AAN
59,275,196,418,AAN
60,1288,562,2015,AAN
61,1932,917,3385,AAN
62,945,439,1460,AAN
63,861,433,1361,AAN
64,734,434,1281,AAN
65,30707,4336,54175,AAN
66,714,409,1165,AAN
67,192,136,312,AAN
68,836,410,1417,AAN
69,1027,471,1602,AAN
70,942,441,1535,AAN
71,1019,469,1568,AAN
72,784,403,1223,AAN
73,239,148,375,AAN
74,2484,694,4300,AAN
75,330,235,540,AAN
76,16341,3370,29546,AAN
77,1331,642,2108,AAN
78,4145,1461,7233,AAN
79,178,112,294,AAN
80,370,274,583,AAN
81,365,274,569,AAN
82,1420,677,2239,AAN
83,541,308,864,AAN
84,253,198,436,AAN
85,2547,1141,4341,AAN
86,1687,657,2624,AAN
87,452,281,697,AAN
88,497,364,772,AAN
89,7760,1348,13672,AAN
90,1034,503,1641,AAN
91,262,178,397,AAN
92,1444,613,2231,AAN
93,387,263,581,AAN
94,464,321,720,AAN
95,5822,2098,10047,AAN
96,1641,680,2577,AAN
97,312,206,451,AAN
98,41814,4418,74071,AAN
99,3530,1180,6091,AAN
100,1668,681,2615,AAN
101,1345,619,2088,AAN
102,525,361,801,AAN
103,310,222,515,AAN
0,324,213,488,AAON
1,992,523,1507,AAON
2,950,484,1480,AAON
3,1023,514,1541,AAON
4,424,299,605,AAON
5,287,195,429,AAON
6,304,223,417,AAON
7,401,289,568,AAON
8,175,136,237,AAON
9,7506,2562,13049,AAON
10,363,258,509,AAON
11,628,419,837,AAON
12,412,267,560,AAON
13,1371,720,2108,AAON
14,355,254,493,AAON
15,1831,934,2958,AAON
16,268,189,387,AAON
17,1584,813,2614,AAON
18,1793,886,2920,AAON
19,665,374,939,AAON
20,1683,840,2755,AAON
21,1349,683,2300,AAON
22,347,200,539,AAON
23,2528,1039,4328,AAON
24,439,308,644,AAON
25,269,187,411,AAON
26,3042,1122,5200,AAON
27,489,297,730,AAON
28,270,143,379,AAON
29,591,341,880,AAON
30,279,167,448,AAON
31,564,336,856,AAON
32,381,214,609,AAON
0,344,254,514,AAP
1,962,470,1412,AAP
2,739,380,1089,AAP
3,8102,2207,13078,AAP
4,454,299,661,AAP
5,297,236,465,AAP
6,1025,503,1515,AAP
7,727,439,1032,AAP
8,936,467,1418,AAP
9,296,201,441,AAP
10,950,435,1455,AAP
11,436,267,675,AAP
12,317,204,463,AAP
13,317,204,463,AAP
14,528,309,833,AAP
15,1204,549,1830,AAP
16,317,204,463,AAP
17,51116,7205,88337,AAP
18,1232,588,1900,AAP
19,162,127,262,AAP
20,884,518,1361,AAP
21,2378,930,4435,AAP
22,330,219,520,AAP
23,305,215,481,AAP
24,285,217,450,AAP
25,1009,514,1518,AAP
26,537,348,831,AAP
27,647,398,992,AAP
28,1026,535,1556,AAP
29,40299,5058,72015,AAP
30,370,263,558,AAP
31,120,84,179,AAP
32,1172,559,1755,AAP
33,474,298,781,AAP
34,279,176,422,AAP
35,973,564,1469,AAP
36,1016,477,1533,AAP
37,937,553,1395,AAP
38,819,497,1223,AAP
39,103,73,163,AAP
40,355,256,539,AAP
41,103,73,163,AAP
42,103,73,163,AAP
43,383,254,599,AAP
44,1063,611,1568,AAP
45,103,73,163,AAP
46,103,73,163,AAP
47,3694,1346,6643,AAP
48,970,581,1459,AAP
49,532,372,814,AAP
50,988,573,1467,AAP
51,21786,3761,39892,AAP
52,916,548,1359,AAP
53,4971,1376,9579,AAP
54,700,450,1049,AAP
55,103,73,163,AAP
56,1982,690,3737,AAP
57,312,228,475,AAP
58,432,320,664,AAP
59,732,450,1099,AAP
60,80,56,121,AAP
61,82,58,123,AAP
62,1040,564,1574,AAP
63,742,422,1100,AAP
64,610,414,942,AAP
65,80,56,121,AAP
66,17452,3439,32193,AAP
67,6417,1890,11408,AAP
68,360,248,533,AAP
69,901,507,1338,AAP
70,4961,1374,9565,AAP
71,944,605,1435,AAP
72,80,56,121,AAP
73,7757,1902,13959,AAP
74,869,527,1283,AAP
75,5082,1394,9816,AAP
76,517,342,772,AAP
77,814,511,1218,AAP
78,1096,431,1873,AAP
79,568,350,858,AAP
80,5086,1397,9820,AAP
81,82,58,123,AAP
82,80,56,121,AAP
83,967,546,1445,AAP
84,5937,1554,11503,AAP
85,80,56,121,AAP
86,971,542,1444,AAP
87,80,56,121,AAP
88,80,56,121,AAP
89,1224,612,1795,AAP
90,31407,4681,58637,AAP
91,863,529,1284,AAP
92,80,56,121,AAP
93,80,56,121,AAP
94,936,536,1381,AAP
95,871,499,1295,AAP
96,1121,583,1655,AAP
97,856,525,1284,AAP
98,80,56,121,AAP
99,29447,4183,53826,AAP
100,1069,610,1598,AAP
101,225,160,345,AAP
102,667,388,1048,AAP
103,1064,587,1590,AAP
104,311,203,487,AAP
105,16653,3206,30608,AAP
106,5941,1778,10662,AAP
107,1237,647,1812,AAP
108,1096,636,1615,AAP
109,321,224,469,AAP
110,1168,598,1797,AAP
111,1674,699,2850,AAP
112,811,510,1223,AAP
113,1232,626,1885,AAP
114,708,473,1056,AAP
115,1645,605,2630,AAP
116,589,397,870,AAP
117,1420,678,2155,AAP
118,180,132,264,AAP
119,2825,740,5036,AAP
120,1873,730,2970,AAP
121,440,286,718,AAP
122,2312,826,3794,AAP
123,6861,1953,12315,AAP
124,1300,700,1993,AAP
125,304,224,449,AAP
126,3366,1106,5806,AAP
127,6517,1678,12489,AAP
0,82,63,125,AAPL
1,414,154,711,AAPL
2,822,472,1276,AAPL
3,669,447,994,AAPL
4,613,428,932,AAPL
5,707,470,1053,AAPL
6,659,441,983,AAPL
7,715,450,1065,AAPL
8,821,494,1177,AAPL
9,833,513,1232,AAPL
10,132,93,209,AAPL
11,718,452,1061,AAPL
12,122,90,194,AAPL
13,281,156,471,AAPL
14,1173,567,1769,AAPL
15,600,331,969,AAPL
16,712,421,1076,AAPL
17,1285,587,1927,AAPL
18,419,199,642,AAPL
19,116,82,185,AAPL
20,1599,641,2408,AAPL
21,515,299,775,AAPL
22,269,152,403,AAPL
23,174,124,265,AAPL
24,1222,625,1836,AAPL
25,1420,619,2116,AAPL
26,164,112,246,AAPL
27,1539,668,2329,AAPL
28,444,284,667,AAPL
29,453,263,700,AAPL
30,659,428,1074,AAPL
31,546,363,844,AAPL
32,1087,623,1650,AAPL
33,171,114,262,AAPL
34,250,160,404,AAPL
35,827,530,1209,AAPL
36,5810,1483,11315,AAPL
37,819,435,1240,AAPL
38,782,506,1167,AAPL
39,11052,2241,19691,AAPL
40,828,523,1248,AAPL
41,792,508,1180,AAPL
42,312,199,483,AAPL
43,125,88,183,AAPL
44,700,456,1054,AAPL
45,674,434,1030,AAPL
46,208,144,322,AAPL
47,692,449,1057,AAPL
48,6878,1615,13233,AAPL
49,1434,721,2237,AAPL
50,290,193,484,AAPL
51,1395,682,2163,AAPL
52,540,284,851,AAPL
53,1388,679,2162,AAPL
54,6577,1579,12910,AAPL
55,1422,693,2213,AAPL
56,107,70,154,AAPL
57,1434,710,2229,AAPL
58,1269,580,1967,AAPL
59,9054,1961,16234,AAPL
60,168,118,254,AAPL
61,680,437,1047,AAPL
62,692,451,1059,AAPL
63,708,464,1079,AAPL
64,6772,1671,13116,AAPL
65,283,180,450,AAPL
66,679,442,1024,AAPL
67,197,126,319,AAPL
68,690,437,1037,AAPL
69,108,72,155,AAPL
70,694,449,1044,AAPL
71,258,164,386,AAPL
72,138,99,221,AAPL
73,703,457,1065,AAPL
74,213,138,330,AAPL
75,665,433,1013,AAPL
76,196,120,321,AAPL
77,675,430,1022,AAPL
78,294,189,471,AAPL
79,112,75,158,AAPL
80,708,450,1076,AAPL
81,712,451,1075,AAPL
82,709,451,1080,AAPL
83,146,106,249,AAPL
84,654,423,998,AAPL
85,662,447,1071,AAPL
86,13496,2779,21698,AAPL
87,15655,2122,28384,AAPL
0,415,294,614,ABAX
1,420,312,623,ABAX
2,961,498,1427,ABAX
3,17932,2777,32425,ABAX
4,729,445,1089,ABAX
5,52,42,72,ABAX
6,1784,857,2442,ABAX
7,594,406,849,ABAX
8,430,266,665,ABAX
9,1605,780,2154,ABAX
10,1982,844,2645,ABAX
11,1409,734,1904,ABAX
12,1651,811,2220,ABAX
13,669,477,977,ABAX
14,693,456,1010,ABAX
15,779,452,1165,ABAX
16,4365,1584,7593,ABAX
17,1629,777,2231,ABAX
18,776,491,1186,ABAX
19,409,224,638,ABAX
20,811,470,1224,ABAX
21,600,311,1044,ABAX
22,1010,550,1562,ABAX
23,1104,610,1674,ABAX
24,524,269,783,ABAX
25,780,534,1177,ABAX
26,857,503,1307,ABAX
27,248,177,407,ABAX
28,1067,550,1611,ABAX
29,1038,533,1586,ABAX
30,1670,772,2285,ABAX
31,176,126,231,ABAX
32,500,328,789,ABAX
33,994,535,1557,ABAX
34,229,170,393,ABAX
35,1192,569,1771,ABAX
36,1109,561,1707,ABAX
37,174,124,229,ABAX
38,1077,540,1663,ABAX
39,971,507,1496,ABAX
40,1038,496,1595,ABAX
41,8382,1743,14907,ABAX
42,224,149,355,ABAX
43,167,120,260,ABAX
44,473,261,706,ABAX
45,1122,569,1749,ABAX
46,332,222,526,ABAX
47,1031,551,1595,ABAX
48,130,90,203,ABAX
49,1177,583,1796,ABAX
50,1195,578,1792,ABAX
51,406,232,655,ABAX
52,1330,604,2032,ABAX
53,308,187,463,ABAX
54,1053,550,1619,ABAX
55,1186,577,1832,ABAX
56,169,118,259,ABAX
57,1180,577,1780,ABAX
58,253,173,421,ABAX
59,1178,574,1791,ABAX
60,375,231,544,ABAX
61,1132,607,1744,ABAX
62,310,229,486,ABAX
63,1361,677,2089,ABAX
64,179,135,279,ABAX
65,1241,627,1892,ABAX
66,1337,677,2042,ABAX
67,304,184,457,ABAX
68,1129,606,1692,ABAX
69,331,200,513,ABAX
70,521,358,810,ABAX
71,1430,636,2147,ABAX
72,180,151,273,ABAX
73,932,571,1430,ABAX
74,245,159,403,ABAX
75,557,373,846,ABAX
76,1317,663,1980,ABAX
77,1316,659,1977,ABAX
78,640,292,943,ABAX
0,475,213,791,ABC
1,3039,1027,4299,ABC
2,10848,2807,16988,ABC
3,557,365,822,ABC
4,863,541,1253,ABC
5,724,450,1066,ABC
6,667,407,987,ABC
7,569,368,829,ABC
8,1372,700,1952,ABC
9,1504,712,2150,ABC
10,746,454,1116,ABC
11,653,410,927,ABC
12,1220,599,1814,ABC
13,471,329,742,ABC
14,554,410,921,ABC
15,1330,630,1955,ABC
16,377,261,605,ABC
17,596,388,899,ABC
18,415,292,643,ABC
19,400,275,620,ABC
20,1676,762,2518,ABC
21,421,276,641,ABC
22,576,359,920,ABC
23,440,296,667,ABC
24,1395,687,2085,ABC
25,386,260,574,ABC
26,526,382,772,ABC
27,392,277,581,ABC
28,218,164,353,ABC
29,172,136,289,ABC
30,330,243,490,ABC
31,1481,711,2195,ABC
32,511,342,762,ABC
33,735,462,1131,ABC
34,1785,855,2683,ABC
35,1031,569,1561,ABC
36,637,410,942,ABC
37,412,281,609,ABC
38,581,394,859,ABC
39,1608,722,2374,ABC
40,477,314,732,ABC
41,824,506,1271,ABC
42,559,372,853,ABC
43,415,288,640,ABC
44,156,130,268,ABC
45,1747,792,2674,ABC
46,533,345,816,ABC
47,563,354,843,ABC
48,564,385,850,ABC
49,1740,810,2645,ABC
50,871,508,1359,ABC
51,16758,3048,26712,ABC
52,637,385,1034,ABC
53,1092,506,1704,ABC
54,214,141,329,ABC
55,1107,530,1710,ABC
56,476,340,756,ABC
57,321,216,523,ABC
58,861,553,1308,ABC
59,158,131,228,ABC
60,142,110,253,ABC
61,1750,813,2672,ABC
62,113,94,183,ABC
63,1227,550,1879,ABC
64,355,187,552,ABC
65,705,454,1087,ABC
66,1073,481,1603,ABC
67,1505,719,2279,ABC
68,2410,1059,4048,ABC
69,1019,428,1515,ABC
70,206,155,319,ABC
71,479,340,722,ABC
72,1760,804,2681,ABC
73,839,561,1324,ABC
74,2445,1074,4086,ABC
75,254,173,433,ABC
76,153,116,267,ABC
77,528,379,801,ABC
78,2489,935,3778,ABC
79,1468,815,2245,ABC
80,532,360,818,ABC
81,502,346,764,ABC
82,762,487,1165,ABC
83,1148,671,1752,ABC
84,584,395,899,ABC
85,1396,751,2175,ABC
86,2370,869,3563,ABC
87,684,431,1038,ABC
88,401,269,613,ABC
89,299,186,460,ABC
90,591,390,911,ABC
91,746,470,1131,ABC
92,756,448,1126,ABC
93,1448,760,2224,ABC
94,1545,730,2327,ABC
95,1183,653,1798,ABC
96,1053,609,1582,ABC
97,696,451,1073,ABC
98,544,372,822,ABC
99,2336,868,3530,ABC
100,597,378,915,ABC
101,287,196,480,ABC
102,1754,891,2689,ABC
103,833,462,1316,ABC
104,269,193,445,ABC
105,1902,934,2958,ABC
106,1882,836,2819,ABC
107,1355,721,2071,ABC
108,595,356,920,ABC
109,559,375,863,ABC
110,610,392,927,ABC
111,209,160,359,ABC
112,190,139,309,ABC
113,784,496,1249,ABC
114,157,109,265,ABC
115,645,430,980,ABC
116,1084,532,1711,ABC
117,1149,623,1708,ABC
118,5521,1526,10324,ABC
119,841,495,1292,ABC
120,585,405,919,ABC
121,831,507,1269,ABC
122,1160,640,1777,ABC
123,1278,681,1942,ABC
124,605,415,926,ABC
125,4736,1172,7894,ABC
126,1403,697,2180,ABC
127,847,505,1310,ABC
128,982,542,1454,ABC
129,597,380,900,ABC
130,648,441,978,ABC
131,934,525,1376,ABC
132,7295,1953,12796,ABC
133,921,517,1375,ABC
134,30761,4389,54470,ABC
135,779,460,1165,ABC
136,604,394,879,ABC
137,582,407,872,ABC
138,897,534,1337,ABC
139,176,117,254,ABC
140,540,297,894,ABC
141,940,524,1377,ABC
142,1808,863,2889,ABC
143,8758,2108,15973,ABC
144,32077,4286,60892,ABC
145,164,120,256,ABC
146,814,485,1210,ABC
147,206,132,320,ABC
148,953,542,1421,ABC
149,145,98,220,ABC
150,5930,1588,11143,ABC
151,974,538,1457,ABC
152,30919,4387,54677,ABC
153,825,522,1221,ABC
154,925,522,1365,ABC
155,301,168,478,ABC
156,718,446,1057,ABC
157,985,554,1463,ABC
158,316,186,521,ABC
159,887,502,1308,ABC
160,885,527,1317,ABC
161,5541,1461,10473,ABC
162,997,626,1512,ABC
163,35423,4641,63820,ABC
164,676,438,1017,ABC
165,966,566,1462,ABC
166,3626,928,5985,ABC
167,668,435,1021,ABC
168,217,134,356,ABC
169,918,552,1419,ABC
170,962,555,1442,ABC
171,728,453,1075,ABC
172,1401,586,2103,ABC
173,841,504,1238,ABC
174,261,183,415,ABC
175,35223,4545,62978,ABC
176,995,568,1496,ABC
177,630,410,955,ABC
178,9869,2332,18158,ABC
179,14621,2898,26782,ABC
180,882,503,1299,ABC
181,915,543,1352,ABC
182,937,563,1392,ABC
183,751,465,1169,ABC
184,894,559,1346,ABC
185,1603,784,2410,ABC
186,634,416,954,ABC
187,1539,602,2289,ABC
188,1745,803,2656,ABC
189,232,154,352,ABC
190,689,431,1042,ABC
191,631,407,944,ABC
192,2220,886,3289,ABC
193,1070,532,1765,ABC
194,33653,4482,60211,ABC
195,775,499,1159,ABC
196,880,516,1294,ABC
197,841,536,1256,ABC
198,2920,939,4996,ABC
199,1565,733,2315,ABC
200,7896,1871,14055,ABC
201,272,161,423,ABC
202,238,158,388,ABC
203,74493,5021,131060,ABC
204,1090,596,1703,ABC
205,1072,654,1631,ABC
206,1939,906,2924,ABC
207,889,557,1373,ABC
208,317,122,426,ABC
209,1057,657,1647,ABC
210,1338,645,2090,ABC
211,841,541,1289,ABC
212,170,125,269,ABC
0,31408,4930,56606,ABFS
1,120,98,152,ABFS
2,512,201,821,ABFS
3,298,217,423,ABFS
4,664,436,984,ABFS
5,289,214,376,ABFS
6,2031,1020,2932,ABFS
7,308,223,405,ABFS
8,479,337,672,ABFS
9,125,102,158,ABFS
10,98,76,127,ABFS
11,1605,862,2324,ABFS
12,246,185,306,ABFS
13,391,301,539,ABFS
14,403,297,556,ABFS
15,269,204,357,ABFS
16,1429,781,2005,ABFS
17,245,188,305,ABFS
18,33874,5045,60079,ABFS
19,1433,752,2052,ABFS
20,246,184,307,ABFS
21,423,317,594,ABFS
22,2034,946,2965,ABFS
23,176,125,232,ABFS
24,1434,726,2102,ABFS
25,154,121,195,ABFS
26,192,132,267,ABFS
27,1324,669,1866,ABFS
28,154,121,195,ABFS
29,188,134,244,ABFS
30,346,204,497,ABFS
31,166,132,222,ABFS
32,135,109,195,ABFS
33,11994,2183,21770,ABFS
34,1594,766,2247,ABFS
35,263,193,410,ABFS
36,5273,1537,8976,ABFS
37,1535,776,2260,ABFS
38,642,333,931,ABFS
39,288,217,426,ABFS
40,1434,732,2038,ABFS
41,198,134,274,ABFS
42,657,308,950,ABFS
43,2299,1061,3448,ABFS
44,780,288,1190,ABFS
45,217,161,319,ABFS
46,166,117,230,ABFS
47,203,153,283,ABFS
48,160,116,224,ABFS
49,18830,2359,32903,ABFS
50,1378,665,1960,ABFS
51,345,240,524,ABFS
52,153,113,223,ABFS
53,1111,595,1598,ABFS
54,1334,720,1953,ABFS
55,13418,1369,23766,ABFS
56,484,235,760,ABFS
57,144,104,215,ABFS
58,209,130,294,ABFS
59,261,170,383,ABFS
60,1241,657,1824,ABFS
61,6193,1152,11181,ABFS
62,1723,625,3059,ABFS
63,989,573,1442,ABFS
64,138,108,234,ABFS
65,142,104,213,ABFS
66,3917,1142,7551,ABFS
67,1032,585,1502,ABFS
68,152,105,224,ABFS
69,274,185,408,ABFS
70,29721,5032,50672,ABFS
71,756,469,1085,ABFS
72,5948,1170,10791,ABFS
73,105,85,160,ABFS
74,152,105,224,ABFS
75,618,384,951,ABFS
76,967,560,1393,ABFS
77,909,555,1372,ABFS
78,182,121,269,ABFS
79,7183,1693,13700,ABFS
80,702,467,1024,ABFS
81,141,103,212,ABFS
82,737,467,1087,ABFS
83,574,299,874,ABFS
84,254,148,383,ABFS
85,725,373,1147,ABFS
86,298,192,475,ABFS
87,224,178,374,ABFS
88,898,544,1362,ABFS
89,2271,1031,3872,ABFS
90,901,537,1339,ABFS
91,132,93,207,ABFS
92,505,330,760,ABFS
93,176,124,278,ABFS
94,449,320,659,ABFS
95,450,283,672,ABFS
96,855,517,1251,ABFS
97,191,121,279,ABFS
98,205,134,294,ABFS
99,844,539,1296,ABFS
100,1069,643,1564,ABFS
101,114,84,170,ABFS
102,554,330,915,ABFS
103,205,134,294,ABFS
104,1505,708,2185,ABFS
105,1708,595,2669,ABFS
106,1072,648,1625,ABFS
107,185,113,293,ABFS
108,208,138,302,ABFS
109,473,290,737,ABFS
110,164,101,244,ABFS
111,210,124,344,ABFS
112,519,318,841,ABFS
113,543,347,846,ABFS
114,1028,482,1512,ABFS
115,208,138,302,ABFS
116,943,577,1395,ABFS
117,151,100,237,ABFS
118,419,258,616,ABFS
119,269,175,410,ABFS
120,820,448,1391,ABFS
121,202,129,299,ABFS
122,1295,637,1866,ABFS
123,4494,1441,8072,ABFS
124,1986,657,3239,ABFS
125,224,149,325,ABFS
126,1421,701,2083,ABFS
127,157,106,247,ABFS
128,359,262,529,ABFS
129,167,123,266,ABFS
130,377,271,557,ABFS
131,528,376,770,ABFS
132,47712,6621,85266,ABFS
133,21697,3880,39176,ABFS
134,229,153,330,ABFS
135,1399,725,2055,ABFS
136,582,404,860,ABFS
137,383,272,565,ABFS
138,229,153,330,ABFS
139,612,376,939,ABFS
140,214,148,340,ABFS
141,1336,755,1969,ABFS
142,364,272,544,ABFS
143,187,130,294,ABFS
144,633,459,1029,ABFS
145,1776,909,2616,ABFS
146,473,344,752,ABFS
147,388,292,616,ABFS
148,497,361,822,ABFS
149,475,353,768,ABFS
150,215,140,315,ABFS
151,1305,707,1889,ABFS
152,417,315,668,ABFS
153,346,269,537,ABFS
154,409,279,618,ABFS
155,134,90,214,ABFS
156,416,304,668,ABFS
0,688,504,1032,ABM
1,495,351,771,ABM
2,90,67,116,ABM
3,312,216,459,ABM
4,1033,597,1507,ABM
5,447,316,653,ABM
6,14076,3190,24033,ABM
7,1235,656,1829,ABM
8,1212,641,1781,ABM
9,1461,771,2184,ABM
10,659,335,942,ABM
11,1066,583,1558,ABM
12,1008,536,1460,ABM
13,282,162,432,ABM
14,390,217,647,ABM
15,1481,687,2228,ABM
16,970,491,1486,ABM
17,308,189,479,ABM
18,536,326,794,ABM
19,1205,621,1793,ABM
20,1577,749,2838,ABM
21,468,297,714,ABM
22,797,539,1207,ABM
23,615,341,979,ABM
24,1704,850,2578,ABM
25,306,206,475,ABM
26,175,125,276,ABM
27,215,140,321,ABM
28,1200,660,1800,ABM
29,442,254,662,ABM
30,1261,680,1860,ABM
31,94,79,148,ABM
32,128,91,202,ABM
33,649,412,1010,ABM
34,1391,613,2218,ABM
35,451,269,727,ABM
36,1109,560,1639,ABM
37,1082,640,1641,ABM
38,5159,1440,9384,ABM
39,1029,598,1533,ABM
40,677,405,1014,ABM
41,1159,639,1743,ABM
42,840,476,1372,ABM
43,406,217,686,ABM
44,1484,707,2214,ABM
45,313,193,465,ABM
46,708,307,1073,ABM
47,729,319,1110,ABM
48,82,70,131,ABM
49,1162,650,1756,ABM
50,1511,816,2373,ABM
51,655,404,1021,ABM
52,1069,616,1610,ABM
53,1312,705,1980,ABM
54,15669,3322,28385,ABM
55,495,283,814,ABM
56,29678,4554,53154,ABM
57,1382,724,2069,ABM
58,821,401,1360,ABM
59,430,236,635,ABM
60,5245,1475,8283,ABM
61,929,552,1694,ABM
62,293,175,499,ABM
63,1244,671,1869,ABM
64,413,258,578,ABM
65,1333,721,2021,ABM
66,4529,1605,8233,ABM
67,378,226,611,ABM
68,17569,3880,30235,ABM
69,537,340,796,ABM
70,296,194,516,ABM
71,419,283,661,ABM
72,121,100,184,ABM
73,2341,982,4262,ABM
74,1493,760,2252,ABM
75,4144,1533,7583,ABM
76,284,158,437,ABM
77,461,237,731,ABM
78,2417,734,3601,ABM
79,1425,735,2178,ABM
80,1359,664,2039,ABM
81,1477,688,2204,ABM
82,5453,1373,10618,ABM
83,523,342,777,ABM
84,1482,706,2197,ABM
85,167,111,247,ABM
86,1525,792,2286,ABM
87,104,73,157,ABM
88,1472,462,2607,ABM
89,1740,785,2597,ABM
90,535,344,834,ABM
91,1644,765,2463,ABM
92,392,236,637,ABM
93,52855,6441,93974,ABM
94,152,105,254,ABM
95,7104,2004,13092,ABM
96,1591,785,2401,ABM
97,157,110,221,ABM
98,215,137,334,ABM
99,1803,865,2707,ABM
100,1731,819,2593,ABM
101,1099,524,1726,ABM
102,675,286,1121,ABM
103,131,92,205,ABM
104,1632,797,2463,ABM
105,71,63,116,ABM
106,1578,813,2396,ABM
107,55,50,88,ABM
108,48,45,88,ABM
109,1701,858,2589,ABM
110,157,124,247,ABM
111,426,326,654,ABM
112,1847,916,2830,ABM
113,142,92,222,ABM
114,97,85,154,ABM
115,1643,851,2511,ABM
116,1592,876,2475,ABM
117,54,48,87,ABM
118,1715,906,2661,ABM
0,592,188,989,ABT
1,1227,679,1812,ABT
2,2701,1057,4059,ABT
3,4593,1168,8739,ABT
4,1227,654,1972,ABT
5,2342,991,3442,ABT
6,2861,1188,4405,ABT
7,75,67,115,ABT
8,2472,1042,3675,ABT
9,660,315,989,ABT
10,3243,1174,4760,ABT
11,10663,1469,19653,ABT
12,2683,1026,3895,ABT
13,4631,1275,8774,ABT
14,4702,1175,8329,ABT
15,2644,988,3806,ABT
16,122,86,185,ABT
17,13792,2128,25654,ABT
18,352,230,546,ABT
19,135,98,235,ABT
20,2452,994,3609,ABT
21,4452,1145,8525,ABT
22,372,250,614,ABT
23,2669,993,3929,ABT
24,348,208,581,ABT
25,295,185,485,ABT
26,284,186,474,ABT
27,262,175,431,ABT
28,279,189,469,ABT
29,143,99,208,ABT
30,2771,1114,4086,ABT
31,167,120,264,ABT
32,10419,1873,18763,ABT
33,456,270,690,ABT
34,392,249,582,ABT
35,301,204,435,ABT
36,2527,1025,3700,ABT
37,4631,880,8371,ABT
38,5061,1459,9451,ABT
39,5226,1453,9933,ABT
40,140,96,200,ABT
41,1930,917,2853,ABT
42,379,246,623,ABT
43,930,562,1425,ABT
44,14715,2167,26996,ABT
45,2487,1027,3604,ABT
46,154,108,217,ABT
47,2647,1019,3813,ABT
48,30843,4638,54291,ABT
49,339,180,517,ABT
50,2668,975,3895,ABT
51,726,447,1118,ABT
52,148,104,220,ABT
53,173,122,240,ABT
54,2472,1055,3658,ABT
55,148,104,215,ABT
56,348,221,524,ABT
57,2744,1103,4031,ABT
58,177,129,251,ABT
59,4451,1153,8520,ABT
60,2871,1272,4191,ABT
61,14123,2167,25992,ABT
62,4491,1155,8581,ABT
63,2386,1059,3465,ABT
64,436,284,686,ABT
65,2300,1062,3319,ABT
66,2988,1220,4363,ABT
67,347,222,520,ABT
68,269,176,412,ABT
69,2591,1191,3736,ABT
70,248,156,372,ABT
71,4497,1164,8588,ABT
72,234,163,356,ABT
73,221,143,316,ABT
74,28984,4518,52426,ABT
75,2261,1068,3340,ABT
76,19553,1883,36771,ABT
77,12418,2242,23060,ABT
78,115624,5047,213536,ABT
79,2032,1040,2997,ABT
80,16189,1228,29698,ABT
81,167,120,235,ABT
82,2311,1061,3420,ABT
83,569,408,868,ABT
84,2352,1133,3449,ABT
85,178,124,272,ABT
86,2498,1173,3665,ABT
87,3000,1003,4886,ABT
88,4426,1132,8497,ABT
89,2494,1194,3674,ABT
90,213,127,341,ABT
91,31225,5358,53868,ABT
92,14326,2273,26393,ABT
93,4488,1157,8577,ABT
94,117,83,178,ABT
95,2557,1194,3757,ABT
96,7203,1765,11611,ABT
97,399,236,628,ABT
98,242,163,375,ABT
99,248,168,392,ABT
100,2698,1237,3943,ABT
101,4444,1139,8524,ABT
102,206,146,318,ABT
103,2779,1280,4051,ABT
104,4387,1123,8436,ABT
105,2579,1293,3759,ABT
106,244,136,401,ABT
107,146,92,233,ABT
108,3014,1289,4372,ABT
109,3029,1349,4379,ABT
110,5933,1449,11345,ABT
111,793,465,1222,ABT
112,5682,1426,10844,ABT
113,2812,1302,4137,ABT
114,5631,1401,10772,ABT
115,121,86,198,ABT
116,2627,1233,3841,ABT
117,471,186,768,ABT
118,93,66,146,ABT
119,101,72,147,ABT
120,140,96,210,ABT
121,3154,1397,4643,ABT
122,3263,1452,4822,ABT
123,247,172,386,ABT
124,37659,3907,70611,ABT
125,318,202,497,ABT
126,26027,4240,46173,ABT
127,487,256,782,ABT
128,249,162,373,ABT
129,578,271,890,ABT
130,2624,1289,3828,ABT
131,1267,297,2030,ABT
132,1786,739,2548,ABT
133,437,185,715,ABT
0,989,554,1429,ACAT
1,3260,1299,5443,ACAT
2,2504,1113,3895,ACAT
3,939,518,1329,ACAT
4,1066,539,1530,ACAT
5,697,439,1014,ACAT
6,937,545,1355,ACAT
7,850,481,1234,ACAT
8,964,505,1388,ACAT
9,734,441,1052,ACAT
10,894,512,1299,ACAT
11,918,520,1326,ACAT
12,1575,833,2559,ACAT
13,1012,570,1489,ACAT
14,1664,940,2393,ACAT
15,764,451,1129,ACAT
16,136,110,213,ACAT
17,969,518,1419,ACAT
18,98,78,150,ACAT
19,868,467,1266,ACAT
20,213,145,338,ACAT
21,1211,626,1781,ACAT
22,2265,1199,3252,ACAT
23,1096,643,1626,ACAT
24,8925,1776,16349,ACAT
25,1072,594,1596,ACAT
26,531,302,944,ACAT
27,781,446,1150,ACAT
28,846,457,1217,ACAT
29,2458,823,4431,ACAT
30,682,417,1026,ACAT
31,916,489,1323,ACAT
32,118,77,182,ACAT
33,861,521,1291,ACAT
34,6698,1962,12064,ACAT
35,14267,3222,25725,ACAT
36,949,559,1394,ACAT
37,110,80,177,ACAT
38,1069,585,1548,ACAT
39,2595,1114,4372,ACAT
40,998,536,1446,ACAT
41,1007,533,1749,ACAT
42,2062,914,3454,ACAT
43,916,557,1359,ACAT
44,1295,603,2348,ACAT
45,5788,1906,10018,ACAT
46,1027,569,1488,ACAT
47,25447,4853,43841,ACAT
48,1025,566,1477,ACAT
49,984,530,1428,ACAT
50,542,352,837,ACAT
51,960,580,1418,ACAT
52,204,142,345,ACAT
53,3957,1594,6926,ACAT
54,918,531,1316,ACAT
55,3115,842,5626,ACAT
56,1016,565,1446,ACAT
57,1131,630,1657,ACAT
58,152,116,243,ACAT
59,1880,960,3126,ACAT
60,1105,590,1556,ACAT
61,1171,640,1668,ACAT
62,946,548,1357,ACAT
63,92,81,147,ACAT
64,1131,624,1603,ACAT
65,754,436,1177,ACAT
66,2849,876,5359,ACAT
67,1278,651,1847,ACAT
68,65,59,103,ACAT
69,1251,668,1776,ACAT
0,41230,5285,73643,ACC
1,595,373,842,ACC
2,269,198,365,ACC
3,2589,1107,4138,ACC
4,5310,1973,9362,ACC
5,473,296,729,ACC
6,652,404,932,ACC
7,588,383,864,ACC
8,515,338,731,ACC
9,649,368,945,ACC
10,479,309,682,ACC
11,652,357,967,ACC
12,10340,3064,15127,ACC
13,601,386,857,ACC
14,568,384,818,ACC
15,1241,594,1773,ACC
16,9778,2017,16818,ACC
17,6997,2482,11638,ACC
18,1388,543,2097,ACC
19,7158,2160,11800,ACC
20,2630,1227,3636,ACC
21,2455,1300,3294,ACC
22,20734,3419,36212,ACC
23,3015,1449,4116,ACC
24,10966,2342,19304,ACC
25,1815,998,2575,ACC
26,2032,830,2759,ACC
27,1517,808,2392,ACC
28,32460,5032,57611,ACC
29,11087,2601,20560,ACC
30,1273,718,2042,ACC
31,688,423,1053,ACC
32,6848,2507,8581,ACC
33,6116,2193,7804,ACC
34,742,385,1199,ACC
35,6273,2279,7791,ACC
36,3189,962,5750,ACC
37,10871,2578,20208,ACC
38,6278,2143,8105,ACC
39,6733,1428,11572,ACC
40,1410,742,2265,ACC
41,26744,3906,47353,ACC
42,2024,989,3228,ACC
43,202,142,335,ACC
44,11090,2546,20611,ACC
45,6859,2358,8989,ACC
46,2544,904,4188,ACC
47,28030,4488,50813,ACC
48,856,493,1311,ACC
49,7466,2544,9162,ACC
50,188,137,280,ACC
51,1521,526,2340,ACC
52,1325,678,1522,ACC
53,541,352,816,ACC
54,4998,1903,6497,ACC
55,742,439,1027,ACC
56,4737,1918,6253,ACC
57,6171,2433,7760,ACC
58,11323,2561,20863,ACC
59,2095,1118,2420,ACC
60,6578,2807,8094,ACC
61,40017,5085,71394,ACC
62,124,87,199,ACC
63,6147,2420,7730,ACC
64,3366,960,6113,ACC
65,4356,2036,5892,ACC
66,8010,1323,13806,ACC
67,385,218,529,ACC
68,185,136,259,ACC
69,4848,2079,6569,ACC
70,5570,1506,9950,ACC
71,14744,1773,26545,ACC
72,17425,2650,29671,ACC
73,2806,1357,3255,ACC
74,7447,2839,9326,ACC
75,1059,552,1833,ACC
76,14781,2894,26536,ACC
77,253,175,372,ACC
78,6966,2567,9139,ACC
79,1051,450,1696,ACC
80,4386,2233,5754,ACC
81,492,293,673,ACC
82,1177,630,1784,ACC
83,133,94,214,ACC
84,39776,4846,70875,ACC
85,456,285,634,ACC
86,7138,2668,8847,ACC
87,259,182,367,ACC
88,6417,2439,7929,ACC
89,18573,1816,33523,ACC
90,3023,920,5131,ACC
91,8357,3058,10541,ACC
92,376,261,601,ACC
93,422,278,600,ACC
94,2996,1084,4544,ACC
95,235,174,342,ACC
96,3310,1566,3858,ACC
97,290,180,439,ACC
98,21686,3688,37064,ACC
99,14356,2843,26058,ACC
100,5243,2286,7129,ACC
101,826,486,1162,ACC
102,390,251,558,ACC
103,3127,1155,4684,ACC
104,1195,467,1927,ACC
105,21965,3876,39188,ACC
106,14421,2854,26169,ACC
107,654,374,962,ACC
108,583,395,861,ACC
109,9780,3457,12050,ACC
110,19783,1681,35766,ACC
111,3103,1174,5442,ACC
112,13444,2756,24479,ACC
113,27535,3356,53070,ACC
114,652,349,831,ACC
115,6232,2570,8483,ACC
116,274,190,410,ACC
117,581,304,757,ACC
0,750,259,1162,ACE
1,699,458,1014,ACE
2,1397,710,2169,ACE
3,67,59,102,ACE
4,12018,2552,22132,ACE
5,191,151,256,ACE
6,1179,578,1703,ACE
7,1166,574,1727,ACE
8,1136,617,1651,ACE
9,813,431,1164,ACE
10,1265,605,1754,ACE
11,67,57,104,ACE
12,13257,2634,24715,ACE
13,314,211,452,ACE
14,1124,623,1663,ACE
15,305,220,476,ACE
16,5705,1126,10593,ACE
17,498,287,793,ACE
18,2683,1160,4306,ACE
19,401,293,650,ACE
20,1464,760,2200,ACE
21,438,264,682,ACE
22,642,441,992,ACE
23,254,169,402,ACE
24,1615,717,2396,ACE
25,462,293,725,ACE
26,1148,562,1673,ACE
27,128,94,208,ACE
28,177,126,284,ACE
29,45646,3760,83399,ACE
30,1456,611,2444,ACE
31,1306,608,1886,ACE
32,409,223,665,ACE
33,372,283,611,ACE
34,645,319,897,ACE
35,100,87,172,ACE
36,2674,1172,4307,ACE
37,409,238,688,ACE
38,1004,572,1607,ACE
39,1510,665,2222,ACE
40,139,112,229,ACE
41,176,145,281,ACE
42,290,222,460,ACE
43,411,255,640,ACE
44,255,192,385,ACE
45,280,198,435,ACE
46,392,258,636,ACE
47,1418,659,2050,ACE
48,467,213,765,ACE
49,590,320,845,ACE
50,111,95,179,ACE
51,592,365,1022,ACE
52,1375,632,2053,ACE
53,7489,2195,12351,ACE
54,12173,2324,22801,ACE
55,755,424,1158,ACE
56,135,112,207,ACE
57,1697,743,2529,ACE
58,185,141,321,ACE
59,92,77,133,ACE
60,1328,625,1970,ACE
61,418,257,649,ACE
62,1324,628,1959,ACE
63,12983,2425,24228,ACE
64,1267,614,1860,ACE
65,98,76,154,ACE
66,3200,1411,5395,ACE
67,179,117,254,ACE
68,1303,635,1916,ACE
69,283,212,449,ACE
70,1236,603,1819,ACE
71,47414,4277,86612,ACE
72,300,194,432,ACE
73,660,476,1035,ACE
74,236,162,371,ACE
75,111,97,188,ACE
76,1330,647,1957,ACE
77,14795,2783,27632,ACE
78,807,515,1342,ACE
79,493,337,758,ACE
80,1184,620,1789,ACE
81,14887,2810,27729,ACE
82,753,389,1293,ACE
83,145,109,238,ACE
84,3271,1271,5045,ACE
85,8582,1813,15029,ACE
86,1437,711,2516,ACE
87,1210,581,1784,ACE
88,326,233,512,ACE
89,162,121,269,ACE
90,82,73,133,ACE
91,487,304,840,ACE
92,625,429,977,ACE
93,1986,895,2898,ACE
94,78,70,129,ACE
95,403,253,721,ACE
96,97,79,173,ACE
97,1980,907,2904,ACE
98,78,70,129,ACE
99,962,507,1744,ACE
100,724,394,1146,ACE
101,261,177,435,ACE
102,1872,872,2717,ACE
103,79,71,130,ACE
104,259,178,390,ACE
105,147,98,247,ACE
106,12174,2613,22472,ACE
107,90,78,147,ACE
108,386,280,613,ACE
109,1839,891,2631,ACE
110,205,143,337,ACE
111,84,76,135,ACE
112,267,193,403,ACE
113,1772,852,2555,ACE
114,1085,579,1924,ACE
115,206,165,329,ACE
116,216,154,351,ACE
117,98,79,174,ACE
118,1791,889,2601,ACE
119,1035,535,1870,ACE
120,224,162,364,ACE
121,1754,842,2528,ACE
122,661,332,1090,ACE
123,1887,730,3482,ACE
124,213,150,349,ACE
125,1716,826,2480,ACE
126,1042,540,1886,ACE
127,882,529,1412,ACE
128,217,154,354,ACE
129,1780,831,2562,ACE
130,12073,2613,22274,ACE
131,466,289,732,ACE
132,231,166,373,ACE
133,214,147,327,ACE
134,1791,866,2610,ACE
135,251,186,391,ACE
136,1836,834,2697,ACE
137,62,54,101,ACE
138,818,383,1250,ACE
139,1783,820,2583,ACE
140,134,95,219,ACE
141,1033,532,1841,ACE
142,1950,900,2848,ACE
143,75,67,120,ACE
144,2162,879,3068,ACE
145,141,107,253,ACE
146,146,118,215,ACE
147,2123,865,3082,ACE
148,1521,685,2748,ACE
149,2294,928,3325,ACE
150,238,171,366,ACE
151,811,469,1427,ACE
152,260,175,399,ACE
153,2328,929,3362,ACE
154,458,277,685,ACE
155,443,290,688,ACE
156,229,188,405,ACE
157,234,170,366,ACE
158,2456,966,3551,ACE
159,158,143,285,ACE
160,15532,2696,28688,ACE
161,234,171,366,ACE
162,2390,892,3375,ACE
163,3105,1175,5616,ACE
0,1210,686,1844,ACI
1,596,236,946,ACI
2,430,268,591,ACI
3,1446,760,2190,ACI
4,400,272,553,ACI
5,211,166,337,ACI
6,637,419,946,ACI
7,1404,810,2112,ACI
8,1096,668,1648,ACI
9,491,346,775,ACI
10,1745,883,2640,ACI
11,336,217,452,ACI
12,1810,968,2609,ACI
13,654,419,984,ACI
14,1726,886,2576,ACI
15,510,304,712,ACI
16,570,372,832,ACI
17,603,394,864,ACI
18,1813,910,2742,ACI
19,511,337,714,ACI
20,828,528,1195,ACI
21,469,299,657,ACI
22,2241,1060,3351,ACI
23,4144,1441,7121,ACI
24,515,345,745,ACI
25,23292,3864,40694,ACI
26,1468,660,2176,ACI
27,1521,713,2409,ACI
28,1705,874,2563,ACI
29,2998,1151,5319,ACI
30,34221,5266,61078,ACI
31,2011,1022,3060,ACI
32,841,409,1393,ACI
33,260,185,421,ACI
34,1846,962,2795,ACI
35,210,144,325,ACI
36,5421,1598,10261,ACI
37,616,395,929,ACI
38,1385,766,2083,ACI
39,372,254,558,ACI
40,923,514,1461,ACI
41,428,269,652,ACI
42,1804,936,2724,ACI
43,375,257,581,ACI
44,475,328,739,ACI
45,296,176,424,ACI
46,113,97,187,ACI
47,462,251,752,ACI
48,431,235,668,ACI
49,1087,604,1698,ACI
50,316,190,486,ACI
51,16961,3676,29505,ACI
52,2193,1143,3335,ACI
53,23373,3642,42476,ACI
54,793,440,1233,ACI
55,1339,738,2032,ACI
56,467,283,713,ACI
57,985,469,1844,ACI
58,109,88,156,ACI
59,335,207,515,ACI
60,436,287,756,ACI
61,127,89,198,ACI
62,5910,1434,9993,ACI
63,1796,881,2730,ACI
64,494,350,741,ACI
65,450,308,676,ACI
66,668,423,997,ACI
67,131,92,191,ACI
68,423,301,655,ACI
69,1100,524,1887,ACI
70,2380,1139,3599,ACI
71,7938,1277,14849,ACI
72,413,257,600,ACI
73,2410,1180,3654,ACI
74,141,98,204,ACI
75,1686,889,2542,ACI
76,430,283,648,ACI
77,138,98,201,ACI
78,609,416,912,ACI
79,2097,1044,3158,ACI
80,99,81,146,ACI
81,514,364,776,ACI
82,2409,1146,3671,ACI
83,2020,1071,2577,ACI
84,698,315,1133,ACI
85,2420,1083,3607,ACI
86,135,97,206,ACI
87,769,309,1318,ACI
88,94,82,149,ACI
89,79,72,131,ACI
90,101,83,148,ACI
91,2522,1180,3751,ACI
92,378,265,592,ACI
93,1002,480,1521,ACI
94,142,99,205,ACI
95,792,423,1339,ACI
96,82,71,137,ACI
97,85,69,130,ACI
98,2411,1090,3620,ACI
99,131,94,202,ACI
100,96,78,142,ACI
101,2526,1173,3697,ACI
102,136,95,197,ACI
103,78,71,128,ACI
104,10667,1478,20767,ACI
105,5225,1191,9330,ACI
106,2779,1271,4137,ACI
107,763,366,1259,ACI
108,94,82,150,ACI
109,1078,695,1618,ACI
110,22860,4404,39049,ACI
111,132,95,203,ACI
112,128,92,196,ACI
113,2356,1132,3510,ACI
114,105,86,153,ACI
115,430,302,664,ACI
116,1988,976,2983,ACI
117,583,396,931,ACI
118,434,323,714,ACI
119,55818,5792,101727,ACI
120,346,270,552,ACI
121,376,291,593,ACI
122,3562,1028,5971,ACI
123,134,97,206,ACI
124,3275,1258,5146,ACI
125,1762,900,2624,ACI
126,87,78,140,ACI
127,526,383,803,ACI
128,95,83,151,ACI
129,2588,1093,3728,ACI
130,71,59,126,ACI
131,81,68,137,ACI
132,738,509,1111,ACI
133,1416,636,2505,ACI
134,2368,1069,3504,ACI
135,82,71,127,ACI
136,228,122,379,ACI
137,123,90,185,ACI
138,656,422,1047,ACI
139,1783,835,2626,ACI
140,550,366,850,ACI
141,9856,2418,18568,ACI
142,45062,5257,83816,ACI
143,130,97,211,ACI
144,355,273,563,ACI
145,71,64,120,ACI
146,78,70,127,ACI
147,231,142,340,ACI
148,181,125,299,ACI
149,1884,864,2754,ACI
150,81,73,129,ACI
151,592,415,936,ACI
152,2328,1006,3335,ACI
153,125,88,190,ACI
154,661,421,1053,ACI
155,1648,828,2383,ACI
156,82,71,127,ACI
157,1506,805,2344,ACI
158,37734,4933,67896,ACI
159,510,310,829,ACI
160,15340,2963,24418,ACI
161,1843,614,2969,ACI
162,13539,2755,25054,ACI
163,42668,4996,76024,ACI
164,166,111,260,ACI
165,38186,5737,67422,ACI
166,1885,904,2770,ACI
167,131,95,212,ACI
168,1319,505,2077,ACI
169,168,117,255,ACI
170,723,451,1124,ACI
171,2064,1010,3022,ACI
172,122,85,194,ACI
173,170,110,266,ACI
174,2664,1164,3853,ACI
175,127,94,198,ACI
176,169,108,268,ACI
177,176,108,265,ACI
178,708,419,1103,ACI
179,178,108,283,ACI
180,130,93,195,ACI
181,2085,1038,3068,ACI
182,404,212,644,ACI
183,2379,963,3973,ACI
184,70253,7019,122465,ACI
185,157,95,238,ACI
186,123,86,195,ACI
187,737,462,1149,ACI
188,678,485,1044,ACI
189,2197,1019,3196,ACI
190,170,109,268,ACI
191,610,401,948,ACI
192,172,112,268,ACI
193,109,77,166,ACI
194,2201,1023,3272,ACI
195,897,434,1422,ACI
196,10681,2532,19848,ACI
197,123,89,187,ACI
198,555,397,851,ACI
199,46819,5380,82772,ACI
200,171,109,269,ACI
201,173,108,280,ACI
202,2397,1054,3549,ACI
203,173,112,270,ACI
204,170,109,268,ACI
205,1853,900,2767,ACI
206,298,175,487,ACI
207,169,108,268,ACI
0,425,247,615,ACIW
1,1264,640,2019,ACIW
2,870,478,1368,ACIW
3,147,118,189,ACIW
4,1091,569,1700,ACIW
5,484,313,696,ACIW
6,753,411,1173,ACIW
7,441,277,623,ACIW
8,1612,846,2507,ACIW
9,353,230,466,ACIW
10,1519,818,2372,ACIW
11,289,169,400,ACIW
12,624,398,830,ACIW
13,3687,1623,6071,ACIW
14,487,315,646,ACIW
15,962,537,1397,ACIW
16,2443,1174,4178,ACIW
17,330,190,491,ACIW
18,1681,852,2602,ACIW
19,2788,1274,4779,ACIW
20,1951,948,3053,ACIW
21,2372,1146,4091,ACIW
22,370,245,516,ACIW
23,1882,924,2927,ACIW
24,2286,1088,3918,ACIW
25,2215,1015,3453,ACIW
26,3546,1499,5881,ACIW
27,17850,2902,31889,ACIW
28,900,396,1293,ACIW
29,2211,1017,3426,ACIW
30,987,421,1414,ACIW
31,2464,1105,3835,ACIW
32,644,416,928,ACIW
33,425,287,663,ACIW
34,655,407,894,ACIW
35,14078,2545,25070,ACIW
36,2695,1170,4167,ACIW
37,22490,4342,39334,ACIW
38,942,501,1417,ACIW
39,283,194,411,ACIW
40,8549,2136,15205,ACIW
41,465,252,774,ACIW
42,3120,932,5467,ACIW
43,960,570,1467,ACIW
44,1010,542,1754,ACIW
45,1080,562,1603,ACIW
46,8883,2251,15675,ACIW
47,1648,780,2595,ACIW
48,1322,660,2035,ACIW
49,11035,2969,18757,ACIW
50,249,177,400,ACIW
51,482,280,732,ACIW
52,1688,857,2600,ACIW
53,18570,3695,32245,ACIW
54,766,485,1149,ACIW
55,131,99,201,ACIW
56,2111,1026,3407,ACIW
57,961,428,1570,ACIW
58,206,143,329,ACIW
59,703,385,1117,ACIW
60,1997,886,3111,ACIW
61,522,297,849,ACIW
62,123,90,220,ACIW
63,470,253,771,ACIW
64,655,316,1063,ACIW
65,609,300,964,ACIW
66,2305,1086,3657,ACIW
67,336,201,589,ACIW
68,838,445,1352,ACIW
69,616,334,997,ACIW
70,143,102,240,ACIW
71,3147,1355,5422,ACIW
72,4759,1406,7509,ACIW
73,1044,585,1674,ACIW
74,134,100,235,ACIW
75,2105,896,3775,ACIW
76,1411,726,2260,ACIW
77,1011,371,1576,ACIW
78,11974,1902,21688,ACIW
79,2074,940,3140,ACIW
80,164,103,278,ACIW
81,2291,1022,3534,ACIW
82,774,354,1242,ACIW
83,2944,1146,5213,ACIW
84,229,176,322,ACIW
85,2396,1058,3669,ACIW
86,459,260,717,ACIW
87,175,113,284,ACIW
88,981,549,1550,ACIW
89,382,242,602,ACIW
90,2360,1084,3673,ACIW
91,137,93,236,ACIW
92,139,95,236,ACIW
93,172,112,254,ACIW
94,2927,1226,4554,ACIW
95,171,114,283,ACIW
96,2161,1040,3887,ACIW
97,269,201,461,ACIW
98,2630,1156,4101,ACIW
99,4702,1153,9056,ACIW
100,538,312,830,ACIW
101,10988,2368,19762,ACIW
102,1128,460,1783,ACIW
103,2277,987,3535,ACIW
104,145,100,230,ACIW
105,135,95,232,ACIW
106,1699,858,2647,ACIW
107,644,289,1022,ACIW
108,183,111,288,ACIW
109,133,94,231,ACIW
110,1581,810,2493,ACIW
111,574,394,905,ACIW
112,1557,793,2457,ACIW
113,457,236,747,ACIW
114,1013,489,1694,ACIW
115,2010,900,3077,ACIW
116,144,100,229,ACIW
117,150,98,239,ACIW
118,241,166,386,ACIW
119,1567,787,2437,ACIW
120,135,95,232,ACIW
121,115,83,194,ACIW
122,1504,762,2348,ACIW
123,3213,1073,5653,ACIW
124,522,253,913,ACIW
125,1678,820,2597,ACIW
126,371,222,586,ACIW
127,1909,895,2946,ACIW
128,182,111,295,ACIW
129,124,90,220,ACIW
130,1541,787,2395,ACIW
131,183,112,288,ACIW
132,159,107,261,ACIW
133,1484,762,2314,ACIW
134,591,402,975,ACIW
135,554,377,947,ACIW
136,2619,1046,4327,ACIW
137,1027,577,1684,ACIW
138,637,406,1045,ACIW
139,519,359,837,ACIW
140,29605,4299,52707,ACIW
141,3985,1376,5649,ACIW
142,735,476,1177,ACIW
143,657,436,1065,ACIW
144,41607,5033,73766,ACIW
145,730,470,1204,ACIW
146,567,278,880,ACIW
147,141,116,236,ACIW
148,703,460,1157,ACIW
149,729,459,1199,ACIW
150,663,438,1065,ACIW
151,611,405,985,ACIW
152,1353,621,2130,ACIW
153,521,346,823,ACIW
154,135,96,232,ACIW
155,1417,744,2200,ACIW
156,2258,1153,3002,ACIW
157,5189,1361,9522,ACIW
158,1652,837,2549,ACIW
159,3176,1072,5375,ACIW
160,1753,859,2699,ACIW
161,35916,5401,64566,ACIW
162,1924,876,2945,ACIW
163,139,95,236,ACIW
164,8246,1626,13704,ACIW
165,1494,803,2344,ACIW
166,6740,2088,10920,ACIW
167,140,95,237,ACIW
168,1703,749,3157,ACIW
0,409,264,618,ACM
1,361,241,540,ACM
2,806,506,1251,ACM
3,856,465,1264,ACM
4,35236,4973,63216,ACM
5,161,116,241,ACM
6,1016,490,1479,ACM
7,34547,5098,59709,ACM
8,1022,526,1512,ACM
9,7788,1673,13002,ACM
10,985,522,1460,ACM
11,13218,2541,20973,ACM
12,1174,554,1758,ACM
13,6050,1067,11120,ACM
14,987,525,1486,ACM
15,5875,1561,11223,ACM
16,3698,1285,6614,ACM
17,1044,534,1564,ACM
18,223,155,348,ACM
19,1003,513,1494,ACM
20,8619,1906,16410,ACM
21,5481,1397,10582,ACM
22,156,114,253,ACM
23,1160,538,1727,ACM
24,394,236,632,ACM
25,978,534,1470,ACM
26,220,150,335,ACM
27,986,490,1481,ACM
28,21000,3925,37948,ACM
29,24782,4743,44246,ACM
30,20565,4086,36600,ACM
31,1018,533,1527,ACM
32,23672,4199,42584,ACM
33,146,109,224,ACM
34,1137,541,1720,ACM
35,125,86,190,ACM
36,1006,522,1495,ACM
37,975,508,1694,ACM
38,426,287,653,ACM
39,351,219,524,ACM
40,798,456,1212,ACM
41,1052,549,1586,ACM
42,36144,4770,65043,ACM
43,161,110,257,ACM
44,1066,534,1586,ACM
45,862,469,1390,ACM
46,24705,4149,44416,ACM
47,1277,598,1905,ACM
48,223,143,342,ACM
49,1072,549,1618,ACM
50,3605,974,6473,ACM
51,180,131,275,ACM
52,106,78,159,ACM
53,1044,547,1546,ACM
54,1017,604,1474,ACM
55,416,280,642,ACM
56,1294,695,1906,ACM
57,5787,1641,10243,ACM
58,1439,767,2166,ACM
59,178,130,273,ACM
60,1203,658,1791,ACM
61,25703,4230,46137,ACM
0,11764,2683,20695,ACN
1,6097,1580,10560,ACN
2,71,65,114,ACN
3,2149,792,3281,ACN
4,1537,714,2367,ACN
5,266,165,433,ACN
6,1593,730,2471,ACN
7,1568,712,2438,ACN
8,583,349,913,ACN
9,2056,790,3155,ACN
10,1345,699,2127,ACN
11,288,141,461,ACN
12,1787,785,2784,ACN
13,255,211,375,ACN
14,133,102,220,ACN
15,1782,793,2762,ACN
16,1749,786,2715,ACN
17,2121,835,3229,ACN
18,1753,794,2717,ACN
19,95,84,154,ACN
20,922,440,1712,ACN
21,4663,1617,8349,ACN
22,1742,799,2712,ACN
23,266,199,394,ACN
24,524,319,808,ACN
25,1938,853,2949,ACN
26,140,114,196,ACN
27,2416,908,3634,ACN
28,582,399,898,ACN
29,1955,875,2978,ACN
30,373,254,539,ACN
31,1349,679,2465,ACN
32,2255,907,3434,ACN
33,517,308,756,ACN
34,315,218,474,ACN
0,1079,567,1428,ACO
1,1089,589,1491,ACO
2,1158,593,1586,ACO
3,1978,1026,2516,ACO
4,411,263,584,ACO
5,1491,796,1889,ACO
6,1784,907,2197,ACO
7,1868,938,2328,ACO
8,1559,767,2149,ACO
9,1768,595,2739,ACO
10,1187,660,1581,ACO
11,1375,743,1809,ACO
12,196,138,254,ACO
13,1107,599,1546,ACO
14,22261,4298,40027,ACO
15,1428,764,1899,ACO
16,21475,1935,38051,ACO
17,1370,725,1805,ACO
18,7697,1648,13515,ACO
19,1543,688,2372,ACO
20,1466,722,1957,ACO
21,1578,780,2178,ACO
22,12195,3276,21238,ACO
23,1230,616,1701,ACO
24,394,264,522,ACO
25,2143,849,3313,ACO
26,20588,3886,37797,ACO
27,1148,605,1589,ACO
28,2363,1108,3017,ACO
29,1513,651,2192,ACO
30,1524,667,2189,ACO
31,408,271,639,ACO
32,1192,621,1756,ACO
33,385,259,586,ACO
34,8793,2577,15717,ACO
35,1790,710,3005,ACO
36,277,211,424,ACO
37,1284,632,1826,ACO
38,132,99,195,ACO
39,1360,627,1948,ACO
40,808,357,1343,ACO
41,24113,2014,43073,ACO
42,6269,1504,12062,ACO
43,1274,636,1891,ACO
44,1397,660,2069,ACO
45,386,226,672,ACO
46,983,501,1694,ACO
47,1460,671,2151,ACO
48,477,303,721,ACO
49,11298,1811,20259,ACO
50,1447,691,2140,ACO
51,2343,1076,2993,ACO
52,9553,2578,17087,ACO
53,6172,1693,11032,ACO
54,1262,644,1849,ACO
55,267,180,412,ACO
56,1282,654,1881,ACO
57,2379,1073,4104,ACO
58,1480,708,2191,ACO
59,1453,646,2641,ACO
60,14907,1174,26518,ACO
61,1165,616,1752,ACO
62,119,98,200,ACO
63,1479,707,2173,ACO
64,316,216,487,ACO
65,1652,809,2500,ACO
66,7093,1628,13648,ACO
67,23113,4047,41983,ACO
68,1416,708,2090,ACO
69,6104,1035,10808,ACO
70,199,145,311,ACO
71,1371,664,1990,ACO
72,93,88,152,ACO
73,1203,635,1735,ACO
74,818,353,1221,ACO
75,1581,737,2341,ACO
76,1710,736,2642,ACO
77,854,395,1362,ACO
78,684,352,1075,ACO
79,1170,605,1706,ACO
80,93,88,149,ACO
0,296,194,457,ACXM
1,836,600,1268,ACXM
2,2557,1325,3445,ACXM
3,717,498,1047,ACXM
4,2129,1151,2848,ACXM
5,2573,1271,3392,ACXM
6,2754,1357,3650,ACXM
7,2448,1330,3653,ACXM
8,4300,1857,5892,ACXM
9,465,300,553,ACXM
10,3584,1618,4963,ACXM
11,5037,2139,6908,ACXM
12,688,341,904,ACXM
13,4623,1940,6213,ACXM
14,370,241,587,ACXM
15,246,179,344,ACXM
16,44181,9165,77950,ACXM
17,623,393,957,ACXM
18,326,231,460,ACXM
19,732,444,1106,ACXM
20,4858,2041,6583,ACXM
21,252,179,340,ACXM
22,263,194,371,ACXM
23,861,607,1350,ACXM
24,294,210,402,ACXM
25,1421,882,2232,ACXM
26,339,243,446,ACXM
27,4289,1950,5993,ACXM
28,248,180,340,ACXM
29,2126,1001,3320,ACXM
30,4944,1996,6604,ACXM
31,395,296,549,ACXM
32,646,450,946,ACXM
33,700,471,994,ACXM
34,5193,2080,6886,ACXM
35,734,429,1116,ACXM
36,1054,655,1652,ACXM
37,6310,2376,11443,ACXM
38,2287,1116,3633,ACXM
39,627,408,951,ACXM
40,2037,1003,3299,ACXM
41,2071,903,3482,ACXM
42,695,281,1084,ACXM
43,440,254,669,ACXM
44,29317,4317,52681,ACXM
45,1224,555,1962,ACXM
46,534,348,654,ACXM
47,1765,914,2867,ACXM
48,1213,332,1910,ACXM
49,1209,731,2016,ACXM
50,259,201,394,ACXM
51,4199,1187,8111,ACXM
52,4542,1895,7906,ACXM
53,26763,4390,47967,ACXM
54,994,618,1612,ACXM
55,354,251,599,ACXM
56,945,574,1541,ACXM
57,348,212,518,ACXM
58,367,228,567,ACXM
59,313,188,506,ACXM
60,1287,756,2053,ACXM
61,273,195,395,ACXM
62,4926,1736,8634,ACXM
63,224,159,325,ACXM
64,19455,2835,35699,ACXM
65,1470,821,2431,ACXM
66,136,107,188,ACXM
67,133,106,190,ACXM
68,11276,2851,20338,ACXM
69,16392,4040,29126,ACXM
70,519,312,838,ACXM
71,1178,694,1897,ACXM
72,1219,674,1942,ACXM
73,61,54,95,ACXM
74,66,57,96,ACXM
75,1038,624,1696,ACXM
76,128,111,195,ACXM
77,1080,641,1760,ACXM
78,832,489,1321,ACXM
79,1,1,0,ACXM
80,907,512,1430,ACXM
81,6152,1291,10008,ACXM
82,920,520,1447,ACXM
83,969,527,1531,ACXM
84,101,78,141,ACXM
85,766,495,1191,ACXM
86,778,501,1204,ACXM
87,17951,2484,33124,ACXM
88,875,520,1353,ACXM
89,2761,1225,4731,ACXM
90,3622,1320,6602,ACXM
91,914,539,1419,ACXM
92,196,136,317,ACXM
93,20194,2960,36646,ACXM
94,1161,462,2047,ACXM
95,178,135,277,ACXM
96,61,55,100,ACXM
97,854,524,1331,ACXM
98,83,63,130,ACXM
99,68,58,97,ACXM
100,83,72,120,ACXM
101,8670,2150,15769,ACXM
102,1044,586,1635,ACXM
103,262,174,395,ACXM
104,56,54,95,ACXM
105,1146,609,1782,ACXM
106,74,62,116,ACXM
107,125,92,221,ACXM
108,961,564,1498,ACXM
109,5591,1342,10747,ACXM
110,1066,599,1656,ACXM
111,1095,600,1700,ACXM
112,75,62,116,ACXM
113,1192,615,1858,ACXM
